trial,num_segments,total_tokens,affected_tokens,baseline_cost,proposed_cost,cost_savings_pct,fragmentation_ratio,fragmentation_branch,surrogate_escalated
0,8,2206,205,2222.0,44.32,98.01,0.125,none,False
1,4,1106,692,1114.0,718.22,35.53,0.5,sparse_kernel,True
2,4,1567,691,1575.0,31.74,97.98,0.5,sparse_kernel,False
3,6,1579,538,1591.0,31.98,97.99,0.333,none,False
4,5,1704,600,1714.0,34.48,97.99,0.4,sparse_kernel,False
5,12,4127,476,4151.0,82.74,98.01,0.083,none,False
6,12,4018,381,4042.0,80.56,98.01,0.083,none,False
7,10,3342,609,3362.0,67.24,98.0,0.2,none,False
8,4,1588,734,1596.0,32.16,97.98,0.5,sparse_kernel,False
9,12,4165,681,4189.0,83.7,98.0,0.167,none,False
10,5,1801,888,1811.0,36.42,97.99,0.4,sparse_kernel,False
11,5,1856,270,1866.0,37.32,98.0,0.2,none,False
12,6,1509,635,1521.0,30.58,97.99,0.333,none,False
13,7,2249,342,2263.0,45.18,98.0,0.143,none,False
14,11,4284,890,4306.0,86.08,98.0,0.182,none,False
15,4,982,211,990.0,19.84,98.0,0.25,none,False
16,12,3499,442,3523.0,70.18,98.01,0.083,none,False
17,10,2707,375,2727.0,54.34,98.01,0.1,none,False
18,5,1475,139,1485.0,170.5,88.52,0.2,none,True
19,11,3529,310,3551.0,70.78,98.01,0.091,none,False
20,6,2001,560,2013.0,40.42,97.99,0.333,none,False
21,3,900,271,906.0,291.0,67.88,0.333,none,True
22,10,2847,667,2867.0,57.34,98.0,0.2,none,False
23,8,2843,230,2859.0,57.06,98.0,0.125,none,False
24,8,2875,827,2891.0,57.9,98.0,0.25,none,False
25,12,4264,561,4288.0,85.68,98.0,0.167,none,False
26,5,1211,463,1221.0,24.62,97.98,0.4,sparse_kernel,False
27,8,2539,309,2555.0,361.78,85.84,0.125,none,True
28,5,1527,389,1537.0,30.74,98.0,0.2,none,False
29,5,1729,660,1739.0,34.98,97.99,0.4,sparse_kernel,False
30,11,3003,644,3025.0,60.46,98.0,0.182,none,False
31,12,4356,736,4380.0,827.12,81.12,0.167,none,True
32,6,1768,539,1780.0,35.76,97.99,0.333,none,False
33,6,2101,647,2113.0,693.02,67.2,0.333,none,True
34,10,3255,469,3275.0,65.3,98.01,0.1,none,False
35,9,2665,529,2683.0,53.7,98.0,0.222,none,False
36,11,2736,550,2758.0,608.72,77.93,0.182,none,True
37,7,2619,737,2633.0,793.38,69.87,0.286,none,True
38,5,1363,345,1373.0,27.46,98.0,0.2,none,False
39,6,1409,323,1421.0,28.58,97.99,0.333,none,False
40,3,1138,397,1144.0,22.96,97.99,0.333,none,False
41,5,1650,736,1660.0,33.4,97.99,0.4,sparse_kernel,False
42,3,537,256,543.0,10.94,97.99,0.333,none,False
43,6,2018,821,2030.0,40.76,97.99,0.333,none,False
44,9,3157,709,3175.0,776.14,75.55,0.222,none,True
45,5,1512,642,1522.0,30.64,97.99,0.4,sparse_kernel,False
46,9,3090,635,3108.0,62.2,98.0,0.222,none,False
47,8,2230,438,2246.0,45.0,98.0,0.25,none,False
48,7,2023,230,2037.0,40.66,98.0,0.143,none,False
49,12,3593,512,3617.0,585.86,83.8,0.083,none,True
50,12,4220,457,4244.0,84.6,98.01,0.083,none,False
51,11,4350,618,4372.0,87.4,98.0,0.182,none,False
52,8,2460,594,2476.0,49.6,98.0,0.25,none,False
53,4,1473,511,1481.0,29.66,98.0,0.25,none,False
54,4,1245,248,1253.0,274.9,78.06,0.25,none,True
55,10,3347,610,3367.0,67.34,98.0,0.2,none,False
56,7,2103,196,2117.0,42.26,98.0,0.143,none,False
57,6,2283,963,2295.0,1012.66,55.88,0.333,none,True
58,11,3009,732,3031.0,60.58,98.0,0.182,none,False
59,4,1368,658,1376.0,27.76,97.98,0.5,sparse_kernel,False
60,4,1430,870,1438.0,29.0,97.98,0.5,sparse_kernel,False
61,10,3405,358,3425.0,68.3,98.01,0.1,none,False
62,8,2414,999,2430.0,1051.28,56.74,0.25,none,True
63,12,3248,268,3272.0,65.16,98.01,0.083,none,False
64,8,2636,142,2652.0,52.92,98.0,0.125,none,False
65,9,2860,351,2878.0,57.6,98.0,0.222,none,False
66,7,2783,712,2797.0,56.06,98.0,0.286,none,False
67,5,1451,618,1461.0,651.17,55.43,0.4,sparse_kernel,True
68,10,2711,426,2731.0,484.22,82.27,0.2,none,True
69,6,2160,678,2172.0,43.6,97.99,0.333,none,False
70,3,1075,653,1081.0,21.9,97.97,0.667,sparse_kernel,False
71,6,2106,673,2118.0,42.52,97.99,0.333,none,False
72,10,2987,348,3007.0,411.74,86.31,0.2,none,True
73,4,1804,983,1812.0,36.48,97.99,0.5,sparse_kernel,False
74,5,1765,147,1775.0,35.5,98.0,0.2,none,False
75,11,3471,504,3493.0,69.82,98.0,0.182,none,False
76,11,3592,282,3614.0,72.04,98.01,0.091,none,False
77,7,2180,499,2194.0,44.0,97.99,0.286,none,False
78,8,2705,656,2721.0,54.5,98.0,0.25,none,False
79,11,2915,233,2937.0,58.5,98.01,0.091,none,False
80,5,1583,624,1593.0,32.06,97.99,0.4,sparse_kernel,False
81,3,973,433,979.0,19.66,97.99,0.333,none,False
82,10,3053,222,3073.0,61.26,98.01,0.1,none,False
83,9,2104,426,2122.0,42.48,98.0,0.222,none,False
84,6,1592,439,1604.0,32.24,97.99,0.333,none,False
85,10,3342,677,3362.0,67.24,98.0,0.2,none,False
86,3,996,259,1002.0,20.12,97.99,0.333,none,False
87,7,2639,150,2653.0,52.98,98.0,0.143,none,False
88,12,3722,140,3746.0,74.64,98.01,0.083,none,False
89,7,2322,438,2336.0,46.64,98.0,0.143,none,False
90,11,3312,306,3334.0,376.24,88.72,0.182,none,True
91,4,1115,497,1123.0,523.4,53.39,0.5,sparse_kernel,True
92,5,1592,196,1602.0,229.84,85.65,0.2,none,True
93,4,1245,689,1253.0,25.3,97.98,0.5,sparse_kernel,False
94,10,2560,672,2580.0,51.6,98.0,0.2,none,False
95,6,1792,922,1804.0,961.84,46.68,0.333,none,True
96,8,2101,189,2117.0,42.22,98.01,0.125,none,False
97,5,1653,357,1663.0,33.26,98.0,0.2,none,False
98,8,1844,471,1860.0,511.88,72.48,0.25,none,True
99,3,1107,812,1113.0,22.54,97.97,0.667,sparse_kernel,False
100,3,1164,756,1170.0,23.68,97.98,0.667,sparse_kernel,False
101,5,1703,462,1713.0,34.26,98.0,0.2,none,False
102,7,2463,810,2477.0,863.26,65.15,0.286,none,True
103,8,2561,678,2577.0,51.62,98.0,0.25,none,False
104,12,3362,331,3386.0,67.44,98.01,0.083,none,False
105,5,1385,306,1395.0,27.9,98.0,0.2,none,False
106,10,2890,282,2910.0,58.0,98.01,0.1,none,False
107,5,1918,241,1928.0,38.56,98.0,0.2,none,False
108,6,1717,542,1729.0,34.74,97.99,0.333,none,False
109,11,3833,733,3855.0,77.06,98.0,0.182,none,False
110,9,2805,573,2823.0,56.5,98.0,0.222,none,False
111,10,2606,567,2626.0,52.52,98.0,0.2,none,False
112,5,1846,559,1856.0,37.32,97.99,0.4,sparse_kernel,False
113,5,1728,623,1738.0,34.96,97.99,0.4,sparse_kernel,False
114,5,1685,307,1695.0,33.9,98.0,0.2,none,False
115,12,3852,631,3876.0,77.44,98.0,0.167,none,False
116,5,1813,270,1823.0,36.46,98.0,0.2,none,False
117,11,3826,402,3848.0,76.72,98.01,0.091,none,False
118,8,2302,371,2318.0,46.44,98.0,0.25,none,False
119,3,928,392,934.0,412.56,55.83,0.333,none,True
120,12,4002,708,4026.0,80.44,98.0,0.167,none,False
121,6,1477,596,1489.0,29.94,97.99,0.333,none,False
122,11,3488,855,3510.0,70.16,98.0,0.182,none,False
123,10,2612,133,2632.0,52.44,98.01,0.1,none,False
124,12,3511,605,3535.0,70.62,98.0,0.167,none,False
125,4,1449,575,1457.0,29.38,97.98,0.5,sparse_kernel,False
126,11,3628,160,3650.0,72.76,98.01,0.091,none,False
127,9,3014,972,3032.0,60.68,98.0,0.222,none,False
128,7,2600,475,2614.0,52.2,98.0,0.143,none,False
129,7,1881,239,1895.0,278.62,85.3,0.143,none,True
130,6,1863,623,1875.0,37.66,97.99,0.333,none,False
131,11,3569,469,3591.0,71.78,98.0,0.182,none,False
132,3,813,367,819.0,16.66,97.97,0.667,sparse_kernel,False
133,3,829,482,835.0,16.78,97.99,0.333,none,False
134,3,905,161,911.0,181.1,80.12,0.333,none,True
135,4,1252,816,1260.0,25.44,97.98,0.5,sparse_kernel,False
136,4,1689,787,1697.0,824.88,51.39,0.5,sparse_kernel,True
137,6,1612,644,1624.0,32.64,97.99,0.333,none,False
138,8,2855,784,2871.0,57.5,98.0,0.25,none,False
139,8,2733,785,2749.0,55.06,98.0,0.25,none,False
140,7,2037,176,2051.0,40.94,98.0,0.143,none,False
141,10,3262,542,3282.0,65.64,98.0,0.2,none,False
142,11,3557,514,3579.0,71.54,98.0,0.182,none,False
143,11,3922,917,3944.0,78.84,98.0,0.182,none,False
144,5,2035,973,2045.0,41.1,97.99,0.4,sparse_kernel,False
145,5,1853,706,1863.0,37.46,97.99,0.4,sparse_kernel,False
146,12,3849,752,3873.0,77.38,98.0,0.167,none,False
147,4,960,205,968.0,19.4,98.0,0.25,none,False
148,6,1649,504,1661.0,540.98,67.43,0.333,none,True
149,9,2801,590,2819.0,650.02,76.94,0.222,none,True
150,9,3859,511,3877.0,77.38,98.0,0.111,none,False
151,10,3430,513,3450.0,69.0,98.0,0.2,none,False
152,3,1176,393,1182.0,418.52,64.59,0.333,none,True
153,8,2068,378,2084.0,421.36,79.78,0.125,none,True
154,6,2066,306,2078.0,41.52,98.0,0.167,none,False
155,8,2839,873,2855.0,57.18,98.0,0.25,none,False
156,12,3244,342,3268.0,65.08,98.01,0.083,none,False
157,7,2185,240,2199.0,43.9,98.0,0.143,none,False
158,5,1403,368,1413.0,398.06,71.83,0.2,none,True
159,5,1938,455,1948.0,38.96,98.0,0.2,none,False
160,10,3406,666,3426.0,68.52,98.0,0.2,none,False
161,7,2460,454,2474.0,49.4,98.0,0.143,none,False
162,7,1962,693,1976.0,39.64,97.99,0.286,none,False
163,3,862,399,868.0,17.64,97.97,0.667,sparse_kernel,False
164,6,1661,568,1673.0,605.22,63.82,0.333,none,True
165,4,1611,878,1619.0,32.62,97.99,0.5,sparse_kernel,False
166,10,3059,569,3079.0,634.18,79.4,0.2,none,True
167,10,3191,801,3211.0,868.82,72.94,0.2,none,True
168,8,2767,688,2783.0,55.74,98.0,0.25,none,False
169,8,2394,237,2410.0,48.08,98.0,0.125,none,False
170,8,2641,652,2657.0,708.82,73.32,0.25,none,True
171,7,2360,334,2374.0,47.4,98.0,0.143,none,False
172,4,1306,783,1314.0,26.52,97.98,0.5,sparse_kernel,False
173,3,1241,830,1247.0,25.22,97.98,0.667,sparse_kernel,False
174,4,878,131,886.0,150.56,83.01,0.25,none,True
175,12,4313,236,4337.0,86.46,98.01,0.083,none,False
176,5,1355,179,1365.0,27.3,98.0,0.2,none,False
177,8,2498,459,2514.0,50.36,98.0,0.25,none,False
178,12,3788,155,3812.0,75.96,98.01,0.083,none,False
179,5,1468,519,1478.0,29.76,97.99,0.4,sparse_kernel,False
180,9,2196,660,2214.0,44.32,98.0,0.222,none,False
181,5,1954,315,1964.0,39.28,98.0,0.2,none,False
182,11,3185,135,3207.0,63.9,98.01,0.091,none,False
183,9,2985,377,3003.0,59.9,98.01,0.111,none,False
184,10,3221,211,3241.0,64.62,98.01,0.1,none,False
185,7,2330,446,2344.0,46.8,98.0,0.143,none,False
186,12,4032,326,4056.0,80.84,98.01,0.083,none,False
187,10,2829,262,2849.0,320.58,88.75,0.1,none,True
188,12,4131,478,4155.0,82.82,98.01,0.083,none,False
189,6,2051,523,2063.0,41.42,97.99,0.333,none,False
190,3,1092,729,1098.0,22.24,97.97,0.667,sparse_kernel,False
191,6,2096,684,2108.0,42.32,97.99,0.333,none,False
192,6,1893,736,1905.0,777.86,59.17,0.333,none,True
193,6,1800,182,1812.0,36.2,98.0,0.167,none,False
194,12,3461,855,3485.0,69.62,98.0,0.167,none,False
195,10,2712,601,2732.0,54.64,98.0,0.2,none,False
196,10,3159,451,3179.0,518.18,83.7,0.2,none,True
197,11,3041,395,3063.0,459.82,84.99,0.182,none,True
198,3,1141,491,1147.0,515.82,55.03,0.333,none,True
199,3,671,179,677.0,13.62,97.99,0.333,none,False
200,7,2517,782,2531.0,50.74,98.0,0.286,none,False
201,9,2715,688,2733.0,54.7,98.0,0.222,none,False
202,12,3594,649,3618.0,72.28,98.0,0.167,none,False
203,8,2587,202,2603.0,51.94,98.0,0.125,none,False
204,9,2340,474,2358.0,524.8,77.74,0.222,none,True
205,4,1204,547,1212.0,24.48,97.98,0.5,sparse_kernel,False
206,6,1600,599,1612.0,32.4,97.99,0.333,none,False
207,7,2224,757,2238.0,44.88,97.99,0.286,none,False
208,8,2181,485,2197.0,44.02,98.0,0.25,none,False
209,6,2097,340,2109.0,42.34,97.99,0.333,none,False
210,6,1718,908,1730.0,34.76,97.99,0.333,none,False
211,8,2424,455,2440.0,48.68,98.0,0.125,none,False
212,5,1575,562,1585.0,31.9,97.99,0.4,sparse_kernel,False
213,10,3331,581,3351.0,651.62,80.55,0.2,none,True
214,10,2690,632,2710.0,54.2,98.0,0.2,none,False
215,11,3384,571,3406.0,68.08,98.0,0.182,none,False
216,4,1132,762,1140.0,23.04,97.98,0.5,sparse_kernel,False
217,7,1933,190,1947.0,38.86,98.0,0.143,none,False
218,12,4426,874,4450.0,88.92,98.0,0.167,none,False
219,8,2769,632,2785.0,691.38,75.17,0.25,none,True
220,8,2546,600,2562.0,51.32,98.0,0.25,none,False
221,3,785,199,791.0,216.7,72.6,0.333,none,True
222,3,749,601,755.0,15.38,97.96,0.667,sparse_kernel,False
223,3,881,702,887.0,18.02,97.97,0.667,sparse_kernel,False
224,3,744,185,750.0,15.08,97.99,0.333,none,False
225,12,3633,633,3657.0,73.06,98.0,0.167,none,False
226,4,1549,407,1557.0,31.18,98.0,0.25,none,False
227,8,2664,849,2680.0,53.68,98.0,0.25,none,False
228,9,2660,721,2678.0,53.6,98.0,0.222,none,False
229,3,781,162,787.0,15.82,97.99,0.333,none,False
230,3,1071,326,1077.0,21.62,97.99,0.333,none,False
231,6,2298,713,2310.0,46.36,97.99,0.333,none,False
232,7,2669,265,2683.0,53.58,98.0,0.143,none,False
233,9,2805,526,2823.0,586.1,79.24,0.222,none,True
234,12,4100,674,4124.0,82.4,98.0,0.167,none,False
235,10,3161,604,3181.0,63.62,98.0,0.2,none,False
236,12,3291,392,3315.0,66.22,98.0,0.167,none,False
237,11,4049,500,4071.0,81.18,98.01,0.091,none,False
238,4,1373,319,1381.0,348.46,74.77,0.25,none,True
239,10,3645,835,3665.0,911.9,75.12,0.2,none,True
240,11,3712,481,3734.0,74.44,98.01,0.091,none,False
241,6,2021,560,2033.0,40.82,97.99,0.333,none,False
242,3,905,776,911.0,18.5,97.97,0.667,sparse_kernel,False
243,4,1176,278,1184.0,23.92,97.98,0.5,sparse_kernel,False
244,11,3398,623,3420.0,68.36,98.0,0.182,none,False
245,11,3684,789,3706.0,74.08,98.0,0.182,none,False
246,4,1118,226,1126.0,22.56,98.0,0.25,none,False
247,6,1859,756,1871.0,37.58,97.99,0.333,none,False
248,12,3584,436,3608.0,71.88,98.01,0.083,none,False
249,9,2480,538,2498.0,591.6,76.32,0.222,none,True
250,7,2269,643,2283.0,692.38,69.67,0.286,none,True
251,9,2715,580,2733.0,54.7,98.0,0.222,none,False
252,5,1337,683,1347.0,27.14,97.99,0.4,sparse_kernel,False
253,10,3348,758,3368.0,67.36,98.0,0.2,none,False
254,6,2210,684,2222.0,44.6,97.99,0.333,none,False
255,9,2997,174,3015.0,60.14,98.01,0.111,none,False
256,9,2961,464,2979.0,59.42,98.01,0.111,none,False
257,6,1743,467,1755.0,35.06,98.0,0.167,none,False
258,6,1634,495,1646.0,32.88,98.0,0.167,none,False
259,8,2422,269,2438.0,48.64,98.0,0.125,none,False
260,8,2870,364,2886.0,57.6,98.0,0.125,none,False
261,7,2600,678,2614.0,52.4,98.0,0.286,none,False
262,6,1876,322,1888.0,361.52,80.85,0.167,none,True
263,12,4346,419,4370.0,87.12,98.01,0.083,none,False
264,7,2379,633,2393.0,47.98,97.99,0.286,none,False
265,8,3297,994,3313.0,66.34,98.0,0.25,none,False
266,9,3765,744,3783.0,75.7,98.0,0.222,none,False
267,11,3396,637,3418.0,708.92,79.26,0.182,none,True
268,5,1360,569,1370.0,27.6,97.99,0.4,sparse_kernel,False
269,6,2099,251,2111.0,42.18,98.0,0.167,none,False
270,7,2279,251,2293.0,45.78,98.0,0.143,none,False
271,5,1948,434,1958.0,39.16,98.0,0.2,none,False
272,7,1635,648,1649.0,33.1,97.99,0.286,none,False
273,4,1226,722,1234.0,24.92,97.98,0.5,sparse_kernel,False
274,3,1255,367,1261.0,25.3,97.99,0.333,none,False
275,12,3550,443,3574.0,518.0,85.51,0.167,none,True
276,7,1873,393,1887.0,37.86,97.99,0.286,none,False
277,5,1722,477,1732.0,34.64,98.0,0.2,none,False
278,5,1621,555,1631.0,591.57,63.73,0.4,sparse_kernel,True
279,7,2094,182,2108.0,225.88,89.28,0.143,none,True
280,10,3396,377,3416.0,68.32,98.0,0.2,none,False
281,9,2456,173,2474.0,224.12,90.94,0.111,none,True
282,11,3291,764,3313.0,833.82,74.83,0.182,none,True
283,5,1500,546,1510.0,30.4,97.99,0.4,sparse_kernel,False
284,8,2930,363,2946.0,58.8,98.0,0.125,none,False
285,8,3054,697,3070.0,61.48,98.0,0.25,none,False
286,3,940,699,946.0,19.2,97.97,0.667,sparse_kernel,False
287,12,4005,653,4029.0,80.5,98.0,0.167,none,False
288,4,1134,717,1142.0,23.08,97.98,0.5,sparse_kernel,False
289,6,2326,411,2338.0,459.52,80.35,0.167,none,True
290,12,4002,857,4026.0,941.04,76.63,0.167,none,True
291,9,2770,621,2788.0,55.8,98.0,0.222,none,False
292,3,1156,919,1162.0,23.52,97.98,0.667,sparse_kernel,False
293,4,1279,602,1287.0,631.68,50.92,0.5,sparse_kernel,True
294,3,698,440,704.0,14.36,97.96,0.667,sparse_kernel,False
295,3,924,745,930.0,18.88,97.97,0.667,sparse_kernel,False
296,6,1770,614,1782.0,35.8,97.99,0.333,none,False
297,4,1097,204,1105.0,22.14,98.0,0.25,none,False
298,5,1834,884,1844.0,924.83,49.85,0.4,sparse_kernel,True
299,10,3249,445,3269.0,511.98,84.34,0.1,none,True
300,10,3103,769,3123.0,62.46,98.0,0.2,none,False
301,8,2877,867,2893.0,57.94,98.0,0.25,none,False
302,3,1057,255,1063.0,21.34,97.99,0.333,none,False
303,5,1402,591,1412.0,623.19,55.86,0.4,sparse_kernel,True
304,3,821,176,827.0,16.62,97.99,0.333,none,False
305,8,2452,585,2468.0,49.44,98.0,0.25,none,False
306,11,3913,158,3935.0,238.26,93.95,0.091,none,True
307,5,1392,602,1402.0,633.99,54.78,0.4,sparse_kernel,True
308,12,3944,697,3968.0,79.28,98.0,0.167,none,False
309,7,2735,497,2749.0,553.7,79.86,0.143,none,True
310,8,2216,407,2232.0,44.52,98.01,0.125,none,False
311,9,2795,357,2813.0,56.1,98.01,0.111,none,False
312,4,1385,724,1393.0,28.1,97.98,0.5,sparse_kernel,False
313,3,890,748,896.0,18.2,97.97,0.667,sparse_kernel,False
314,9,2700,340,2718.0,396.0,85.43,0.111,none,True
315,9,2511,462,2529.0,50.42,98.01,0.111,none,False
316,8,1736,201,1752.0,34.92,98.01,0.125,none,False
317,11,4338,464,4360.0,86.96,98.01,0.091,none,False
318,3,1206,461,1212.0,24.32,97.99,0.333,none,False
319,7,1959,327,1973.0,370.18,81.24,0.286,none,True
320,8,2190,591,2206.0,44.2,98.0,0.25,none,False
321,5,1722,438,1732.0,474.44,72.61,0.2,none,True
322,5,1590,491,1600.0,32.0,98.0,0.2,none,False
323,8,2511,792,2527.0,846.22,66.51,0.25,none,True
324,8,2708,478,2724.0,54.56,98.0,0.25,none,False
325,9,2684,579,2702.0,54.08,98.0,0.222,none,False
326,7,1862,272,1876.0,37.44,98.0,0.143,none,False
327,8,2758,659,2774.0,718.16,74.11,0.25,none,True
328,5,1447,549,1457.0,29.34,97.99,0.4,sparse_kernel,False
329,7,2305,308,2319.0,46.3,98.0,0.143,none,False
330,8,2867,331,2883.0,57.54,98.0,0.125,none,False
331,3,1015,583,1021.0,20.7,97.97,0.667,sparse_kernel,False
332,3,635,290,641.0,304.7,52.46,0.333,none,True
333,11,3770,634,3792.0,713.4,81.19,0.182,none,True
334,4,1288,544,1296.0,26.16,97.98,0.5,sparse_kernel,False
335,7,1829,616,1843.0,36.98,97.99,0.286,none,False
336,10,3803,1004,3823.0,76.46,98.0,0.2,none,False
337,5,1642,527,1652.0,33.24,97.99,0.4,sparse_kernel,False
338,9,2543,145,2561.0,51.06,98.01,0.111,none,False
339,10,3787,827,3807.0,906.74,76.18,0.2,none,True
340,6,2240,309,2252.0,45.0,98.0,0.167,none,False
341,8,2695,262,2711.0,54.1,98.0,0.125,none,False
342,12,3661,200,3685.0,73.42,98.01,0.083,none,False
343,10,3086,461,3106.0,61.92,98.01,0.1,none,False
344,8,2847,676,2863.0,57.34,98.0,0.25,none,False
345,10,3255,693,3275.0,65.5,98.0,0.2,none,False
346,11,3056,414,3078.0,61.52,98.0,0.182,none,False
347,8,2527,425,2543.0,479.54,81.14,0.25,none,True
348,7,2396,444,2410.0,48.12,98.0,0.143,none,False
349,9,3006,259,3024.0,321.12,89.38,0.111,none,True
350,12,3550,356,3574.0,71.2,98.01,0.083,none,False
351,3,1030,431,1036.0,20.8,97.99,0.333,none,False
352,9,2739,340,2757.0,54.98,98.01,0.111,none,False
353,9,2892,624,2910.0,58.24,98.0,0.222,none,False
354,3,735,562,741.0,580.75,21.63,0.667,sparse_kernel,True
355,6,2212,890,2224.0,44.64,97.99,0.333,none,False
356,9,2366,522,2384.0,47.72,98.0,0.222,none,False
357,9,3109,806,3127.0,872.18,72.11,0.222,none,True
358,11,3368,461,3390.0,67.56,98.01,0.091,none,False
359,8,2902,697,2918.0,759.04,73.99,0.25,none,True
360,8,2239,465,2255.0,45.18,98.0,0.25,none,False
361,6,1526,220,1538.0,30.72,98.0,0.167,none,False
362,12,4432,970,4456.0,89.04,98.0,0.167,none,False
363,5,1500,594,1510.0,628.15,58.4,0.4,sparse_kernel,True
364,9,2997,416,3015.0,60.34,98.0,0.222,none,False
365,6,2323,489,2335.0,46.66,98.0,0.167,none,False
366,6,1686,574,1698.0,34.12,97.99,0.333,none,False
367,11,3632,397,3654.0,73.04,98.0,0.182,none,False
368,6,2075,673,2087.0,718.5,65.57,0.333,none,True
369,4,1160,501,1168.0,23.6,97.98,0.5,sparse_kernel,False
370,6,1887,568,1899.0,38.14,97.99,0.333,none,False
371,3,821,605,827.0,16.82,97.97,0.667,sparse_kernel,False
372,5,1539,682,1549.0,716.93,53.72,0.4,sparse_kernel,True
373,12,3600,814,3624.0,72.4,98.0,0.167,none,False
374,5,1464,312,1474.0,343.28,76.71,0.2,none,True
375,10,2397,632,2417.0,48.34,98.0,0.2,none,False
376,5,1616,149,1626.0,32.52,98.0,0.2,none,False
377,11,2858,176,2880.0,57.36,98.01,0.091,none,False
378,6,2132,508,2144.0,552.64,74.22,0.167,none,True
379,9,2876,513,2894.0,574.52,80.15,0.222,none,True
380,4,1061,300,1069.0,21.42,98.0,0.25,none,False
381,7,1913,431,1927.0,38.46,98.0,0.143,none,False
382,6,1988,389,2000.0,39.96,98.0,0.167,none,False
383,6,1930,641,1942.0,683.6,64.8,0.333,none,True
384,12,3959,229,3983.0,79.38,98.01,0.083,none,False
385,10,3371,578,3391.0,67.82,98.0,0.2,none,False
386,12,3947,496,3971.0,79.34,98.0,0.167,none,False
387,3,1125,330,1131.0,354.5,68.66,0.333,none,True
388,9,3231,818,3249.0,65.02,98.0,0.222,none,False
389,4,1488,680,1496.0,30.16,97.98,0.5,sparse_kernel,False
390,4,1449,638,1457.0,671.08,53.94,0.5,sparse_kernel,True
391,5,2046,841,2056.0,41.32,97.99,0.4,sparse_kernel,False
392,5,1409,579,1419.0,28.58,97.99,0.4,sparse_kernel,False
393,8,2245,662,2261.0,45.3,98.0,0.25,none,False
394,7,2771,978,2785.0,55.82,98.0,0.286,none,False
395,4,1490,297,1498.0,30.0,98.0,0.25,none,False
396,9,3186,395,3204.0,460.72,85.62,0.111,none,True
397,4,1378,321,1386.0,27.76,98.0,0.25,none,False
398,3,867,294,873.0,313.34,64.11,0.333,none,True
399,5,1614,811,1624.0,32.68,97.99,0.4,sparse_kernel,False
400,6,1911,679,1923.0,38.62,97.99,0.333,none,False
401,8,2609,381,2625.0,52.38,98.0,0.125,none,False
402,3,1002,791,1008.0,815.09,19.14,0.667,sparse_kernel,True
403,12,3864,509,3888.0,77.68,98.0,0.167,none,False
404,8,2563,358,2579.0,51.46,98.0,0.125,none,False
405,8,2746,414,2762.0,55.12,98.0,0.125,none,False
406,8,2757,853,2773.0,55.54,98.0,0.25,none,False
407,7,2143,309,2157.0,43.06,98.0,0.143,none,False
408,9,3307,184,3325.0,66.34,98.0,0.111,none,False
409,8,2566,492,2582.0,545.32,78.88,0.125,none,True
410,5,1515,714,1525.0,30.7,97.99,0.4,sparse_kernel,False
411,9,3014,463,3032.0,527.28,82.61,0.222,none,True
412,9,3430,195,3448.0,68.8,98.0,0.111,none,False
413,11,3332,267,3354.0,66.84,98.01,0.091,none,False
414,8,2388,239,2404.0,47.96,98.0,0.125,none,False
415,12,3589,752,3613.0,827.78,77.09,0.167,none,True
416,6,1975,665,1987.0,39.9,97.99,0.333,none,False
417,8,2493,358,2509.0,50.26,98.0,0.25,none,False
418,3,1014,296,1020.0,20.48,97.99,0.333,none,False
419,10,3624,746,3644.0,72.88,98.0,0.2,none,False
420,6,1780,229,1792.0,35.8,98.0,0.167,none,False
421,6,2335,506,2347.0,46.9,98.0,0.167,none,False
422,8,3024,947,3040.0,60.88,98.0,0.25,none,False
423,8,2437,481,2453.0,531.74,78.32,0.125,none,True
424,10,2691,170,2711.0,225.82,91.67,0.1,none,True
425,4,1458,804,1466.0,29.56,97.98,0.5,sparse_kernel,False
426,6,2506,853,2518.0,50.52,97.99,0.333,none,False
427,3,921,684,927.0,18.82,97.97,0.667,sparse_kernel,False
428,4,1168,365,1176.0,23.56,98.0,0.25,none,False
429,11,3034,181,3056.0,243.68,92.03,0.091,none,True
430,10,4060,361,4080.0,81.4,98.0,0.1,none,False
431,6,2612,829,2624.0,52.64,97.99,0.333,none,False
432,4,1111,375,1119.0,401.32,64.14,0.5,sparse_kernel,True
433,3,658,428,664.0,13.56,97.96,0.667,sparse_kernel,False
434,6,2250,835,2262.0,45.4,97.99,0.333,none,False
435,4,1092,177,1100.0,22.04,98.0,0.25,none,False
436,11,3487,445,3509.0,69.94,98.01,0.091,none,False
437,3,1315,873,1321.0,26.7,97.98,0.667,sparse_kernel,False
438,6,1536,190,1548.0,30.92,98.0,0.167,none,False
439,9,2728,407,2746.0,463.56,83.12,0.111,none,True
440,4,1039,268,1047.0,20.98,98.0,0.25,none,False
441,12,3379,627,3403.0,698.58,79.47,0.167,none,True
442,12,3945,494,3969.0,79.1,98.01,0.083,none,False
443,12,3354,434,3378.0,67.48,98.0,0.167,none,False
444,10,3092,607,3112.0,672.84,78.38,0.2,none,True
445,8,1786,513,1802.0,36.12,98.0,0.25,none,False
446,11,3471,403,3493.0,474.42,86.42,0.091,none,True
447,4,1209,459,1217.0,24.38,98.0,0.25,none,False
448,4,1452,440,1460.0,29.24,98.0,0.25,none,False
449,9,2564,259,2582.0,51.48,98.01,0.111,none,False
450,9,2288,327,2306.0,46.16,98.0,0.222,none,False
451,11,3677,626,3699.0,703.54,80.98,0.182,none,True
452,10,2735,546,2755.0,604.7,78.05,0.2,none,True
453,4,1312,465,1320.0,26.44,98.0,0.25,none,False
454,5,1290,531,1300.0,26.2,97.98,0.4,sparse_kernel,False
455,7,2119,762,2133.0,42.78,97.99,0.286,none,False
456,8,2323,680,2339.0,730.46,68.77,0.25,none,True
457,9,2582,153,2600.0,51.84,98.01,0.111,none,False
458,3,1098,746,1104.0,22.36,97.97,0.667,sparse_kernel,False
459,4,1211,622,1219.0,24.62,97.98,0.5,sparse_kernel,False
460,7,2155,613,2169.0,43.5,97.99,0.286,none,False
461,12,3541,553,3565.0,71.22,98.0,0.167,none,False
462,10,3112,561,3132.0,62.64,98.0,0.2,none,False
463,5,1823,388,1833.0,36.66,98.0,0.2,none,False
464,3,1109,459,1115.0,22.38,97.99,0.333,none,False
465,8,2717,292,2733.0,54.54,98.0,0.125,none,False
466,10,2744,443,2764.0,55.28,98.0,0.2,none,False
467,5,1229,408,1239.0,24.98,97.98,0.4,sparse_kernel,False
468,6,1795,594,1807.0,36.3,97.99,0.333,none,False
469,5,1741,478,1751.0,35.22,97.99,0.4,sparse_kernel,False
470,3,906,699,912.0,18.52,97.97,0.667,sparse_kernel,False
471,6,1615,472,1627.0,508.3,68.76,0.333,none,True
472,3,804,557,810.0,577.13,28.75,0.667,sparse_kernel,True
473,7,2598,714,2612.0,769.96,70.52,0.286,none,True
474,4,851,276,859.0,17.22,98.0,0.25,none,False
475,11,4013,773,4035.0,857.26,78.75,0.182,none,True
476,11,3591,689,3613.0,72.22,98.0,0.182,none,False
477,4,1597,954,1605.0,990.04,38.32,0.5,sparse_kernel,True
478,3,1028,302,1034.0,324.56,68.61,0.333,none,True
479,5,1428,467,1438.0,499.71,65.25,0.4,sparse_kernel,True
480,6,2412,312,2424.0,48.44,98.0,0.167,none,False
481,6,1677,238,1689.0,33.74,98.0,0.167,none,False
482,4,1452,786,1460.0,29.44,97.98,0.5,sparse_kernel,False
483,10,3337,450,3357.0,66.94,98.01,0.1,none,False
484,12,3760,460,3784.0,75.4,98.01,0.083,none,False
485,9,2487,305,2505.0,50.14,98.0,0.222,none,False
486,6,1035,277,1047.0,21.1,97.98,0.333,none,False
487,8,2385,537,2401.0,48.1,98.0,0.25,none,False
488,3,941,457,947.0,19.22,97.97,0.667,sparse_kernel,False
489,12,3879,154,3903.0,77.78,98.01,0.083,none,False
490,12,4116,907,4140.0,82.72,98.0,0.167,none,False
491,10,3498,763,3518.0,70.36,98.0,0.2,none,False
492,7,2695,936,2709.0,993.9,63.31,0.286,none,True
493,7,1959,301,1973.0,39.38,98.0,0.143,none,False
494,7,2391,726,2405.0,48.22,98.0,0.286,none,False
495,6,1632,360,1644.0,33.04,97.99,0.333,none,False
496,8,2842,494,2858.0,57.04,98.0,0.125,none,False
497,4,1358,711,1366.0,742.26,45.66,0.5,sparse_kernel,True
498,9,3131,653,3149.0,63.02,98.0,0.222,none,False
499,11,3674,305,3696.0,73.88,98.0,0.182,none,False
